{
    "template": "logstash*",
    "settings": {
        "index.query.default_field": "message",
        "index.cache.field.type": "soft",
        "index.store.compress.stored": true
    },
    "mappings": {
        "_default_": {
            "_all": {
                "enabled": false
            },
            "properties": {
                "message": {
                    "type": "string",
                    "index": "analyzed"
                },
                "@version": {
                    "type": "string",
                    "index": "not_analyzed"
                },
                "@timestamp": {
                    "type": "date",
                    "index": "not_analyzed"
                },
                "type": {
                    "type": "string",
                    "index": "not_analysed"
                }
            }
        }
    }
}
